[
{
"link_song": "https://p.scdn.co/mp3-preview/807fbead013f8f87d805b26224304c79d7f19091",
"jawaban": "Heat Waves",
"artist": "Glass Animals"
},
{
"link_song": "https://p.scdn.co/mp3-preview/25a618c8bbf72ac750ab2024c8b987820ecc1cd1",
"jawaban": "abcdefu",
"artist": "GAYLE"
},
{
"link_song": "https://qu.ax/pNXM.mp3",
"jawaban": "La original",
"artist": "Emilia"
},
{
"link_song": "qu.ax/rSUn.mp3",
"jawaban": "lágrimas",
"artist": "tini, BM, Bim One"
},
{
"link_song": "qu.ax/YUl.mp3",
"jawaban": "todos comenzo bailado",
"artist": "marama"
},
{
"link_song": "qu.ax/pNXM.mp3",
"jawaban": "La Origina",
"artist": "Emilia, Tini"
}, 
{
"link_song": "qu.ax/JMJP.mp3",
"jawaban": "JET_Set",
"artist": "emilia, Natty peluso"
}, 
{
"link_song": "qu.ax/WcvX.mp3",
"jawaban": "Tu y yo",
"artist": "Emilia, KHEA"
}, 
{
"link_song": "https://p.scdn.co/mp3-preview/dd4d8d66b97b6edcb5358135e72620715e1449f9",
"jawaban": "STAY",
"artist": "The Kid LAROI, Justin Bieber"
},
{
"link_song": "https://p.scdn.co/mp3-preview/bd0eaa32cd545406bc958e1a220fc36551e72cb0",
"jawaban": "Enemy",
"artist": "Imagine Dragons"
},
{
"link_song": "https://p.scdn.co/mp3-preview/c5014be1aeb2ab5f129e2789eff3ea87ecd5027f",
"jawaban": "Easy On Me",
"artist": "Adele"
},
{
"link_song": "https://p.scdn.co/mp3-preview/c1cb40d748692992bd5e476fc17ffe16f31016e3",
"jawaban": "INDUSTRY BABY",
"artist": "Lil Nas X, Jack Harlow"
},
{
"link_song": "https://p.scdn.co/mp3-preview/f6c38d427c8de04c8baaf2981667b4595cc29e9d",
"jawaban": "Cold Heart",
"artist": "Elton John, Dua Lipa, PNAU"
},
{
"link_song": "https://p.scdn.co/mp3-preview/3fde81983f821d7eef402aa0cf8679928d81b33f",
"jawaban": "We Don't Talk About Bruno",
"artist": "Carolina Gaitán - La Gaita"
},
{
"link_song": "https://p.scdn.co/mp3-preview/f6c38d427c8de04c8baaf2981667b4595cc29e9d",
"jawaban": "Cold Heart",
"artist": "Ed Sheeran"
},
{
"link_song": "https://p.scdn.co/mp3-preview/b211de9cfac2db9710411267df6eb6144404fd15",
"jawaban": "Infinity",
"artist": "Jaymes Young"
},
{
"link_song": "https://p.scdn.co/mp3-preview/87dc5888bb43546549d3443c7ed1f045bf73495d",
"jawaban": "Do It To It",
"artist": "ACRAZE"
},
{
"link_song": "https://p.scdn.co/mp3-preview/890f6034cf93d666d0f89d5724430c6ddd276eb2",
"jawaban": "Pepas",
"artist": "Farruko"
},
{
"link_song": "https://p.scdn.co/mp3-preview/64c23649ec546b4ef6b4eb4bb5989f9a32b64c94",
"jawaban": "Desesperados",
"artist": "Rauw Alejandro"
},
{
"link_song": "https://p.scdn.co/mp3-preview/e0440ae1a5a38687fb54170742e9b83ebd33ddf3",
"jawaban": "Bad Habits",
"artist": "Ed Sheeran"
},
{
"link_song": "https://p.scdn.co/mp3-preview/5f583b2ce5aff7762b6611a85907d55349a62db1",
"jawaban": "Woman",
"artist": "Doja Cat"
},
{
"link_song": "https://p.scdn.co/mp3-preview/9c86c0aede44b2ef701adf3d894b17433c89cb3b",
"jawaban": "pushin P",
"artist": "Gunna, Future, Young Thug"
},
{
"link_song": "https://p.scdn.co/mp3-preview/5da74c03a1f17ed58315050022c1452fb431a2ad",
"jawaban": "My Universe",
"artist": "Coldplay, BTS"
},
{
"link_song": "https://p.scdn.co/mp3-preview/308ab3183f69494ecc189ca90d2a7e00de3c3d66",
"jawaban": "good 4 u",
"artist": "Olivia Rodrigo"
},
{
"link_song": "https://p.scdn.co/mp3-preview/4892940fb0fed9666392fad90945837fe769994f",
"jawaban": "Sacrifice",
"artist": "The Weeknd"
},
{
"link_song": "https://p.scdn.co/mp3-preview/71e46124927f40489d15d9208b449262da6c1fa5",
"jawaban": "I Love You So",
"artist": "The Walters"
},
{
"link_song": "https://p.scdn.co/mp3-preview/b856944d671f2d8f997c18684e45bd5f19a0d2db",
"jawaban": "Yonaguni",
"artist": "Bad Bunny"
},
{
"link_song": "https://p.scdn.co/mp3-preview/e42e60d629a57d76b2c7c1d83bf68c78b4209bc6",
"jawaban": "Ghost",
"artist": "Justin Bieber"
},
{
"link_song": "https://p.scdn.co/mp3-preview/95a1c576b938bd5c9a091654328fe2c66d6abd77",
"jawaban": "Light Switch",
"artist": "Charlie Puth"
},
{
"link_song": "https://p.scdn.co/mp3-preview/26ca1aa6273f95c1e8046c37604b3ad73ee74342",
"jawaban": "Surface Pressure",
"artist": "Jessica Darrow"
},
{
"link_song": "https://p.scdn.co/mp3-preview/0825558fecb2dd0c63a761fa24e9d25a6192b855",
"jawaban": "Where Are You Now",
"artist": "Lost Frequencies, Calum Scott"
},
{
"link_song": "https://p.scdn.co/mp3-preview/43a9157b0d8e28bfbade57804a06344894336755",
"jawaban": "Kiss Me More",
"artist": "Doja Cat, SZA"
},
{
"link_song": "https://p.scdn.co/mp3-preview/75aa4d781c96fe990214d04f4e61efb702bf635c",
"jawaban": "THATS WHAT I WANT",
"artist": "Lil Nas X"
},
{
"link_song": "https://p.scdn.co/mp3-preview/1dcdeca78007b79c6cf5ffe3785f302e11b487e4",
"jawaban": "Lo Siento BB",
"artist": "Tainy, Bad Bunny, Julieta Venegas"
},
{
"link_song": "https://p.scdn.co/mp3-preview/59227840e672ae4b6a1624685789d15b39c93963",
"jawaban": "Toxic",
"artist": "BoyWithUke"
},
{
"link_song": "https://p.scdn.co/mp3-preview/ed198c528573d97b1ef0c730af1da4f875fc04a4",
"jawaban": "Need to Know",
"artist": "Doja Cat"
},
{
"link_song": "https://p.scdn.co/mp3-preview/3e5d5737cfc1aca66c227721a2e86e24bacf6df7",
"jawaban": "Fingers Crossed",
"artist": "Lauren Spencer-Smith"
},
{
"link_song": "https://p.scdn.co/mp3-preview/2f860d8f53b4f34dbef1053890845a8a162fba82",
"jawaban": "Blinding Lights",
"artist": "The Weeknd"
},
{
"link_song": "https://p.scdn.co/mp3-preview/77c4f335a4735b24684375b9dcc18533bd5a2b2f",
"jawaban": "The Motto",
"artist": "Tiësto, Ava Max"
},
{
"link_song": "https://p.scdn.co/mp3-preview/b189d26b94a514fa75e47775b4ce05421c67580f",
"jawaban": "Sweater Weather",
"artist": "The Neighbourhood"
},
{
"link_song": "https://p.scdn.co/mp3-preview/a6e05149543aaa36a3a87ca26665fbd9043f85fd",
"jawaban": "MONTERO",
"artist": "Lil Nas X"
},
{
"link_song": "https://p.scdn.co/mp3-preview/c37959aa69d5ff67815e8748451b32b6c81d84a8",
"jawaban": "Oh My God",
"artist": "Adele"
},
{
"link_song": "https://p.scdn.co/mp3-preview/d1fdbcf6aa6f19b44a5b2a5c2f864a3d130ef7c1",
"jawaban": "Softcore",
"artist": "The Nighbourhood"
},
{
"link_song": "https://p.scdn.co/mp3-preview/6b47c8339319c8d924f558c8b8c465428772ffda",
"jawaban": "Mon Amour",
"artist": "zzoilo, Aitana"
},
{
"link_song": "https://p.scdn.co/mp3-preview/ff8b7f628f9007cab08e767ca6646d5d90a614ca",
"jawaban": "Happier Than Ever",
"artist": "Billie Elish"
},
{
"link_song": "https://p.scdn.co/mp3-preview/c956a56a9a3103ad75e95ce2cbb03a0bdd26332b",
"jawaban": "Beggin",
"artist": "Maneskin"
},
{
"link_song": "https://p.scdn.co/mp3-preview/d1d4d813d0e274bd186136d64125f4ac60fb639d",
"jawaban": "traitor",
"artist": "Olivia Rodrigo"
},
{
"link_song": "https://p.scdn.co/mp3-preview/a04d7225d1bce725dc9ee38e8fed32b56368d562",
"jawaban": "love nwantiti",
"artist": "CKay"
},
{
"link_song": "https://p.scdn.co/mp3-preview/a690735072e85bebf1140d542365751629ae3d74",
"jawaban": "Levitating",
"artist": "Dua Lipa, DaBaby"
},
{
"link_song": "https://p.scdn.co/mp3-preview/939311942febabd785778bb8b7b4ff2b6d1d55bd",
"jawaban": "drivers license",
"artist": "Olivia Roridgo"
},
{
"link_song": "https://p.scdn.co/mp3-preview/9ecddd098329e3d9a27c1d9bf668a7060d3eb476",
"jawaban": "Volvi",
"artist": "Aventura, Bad Bunny"
},
{
"link_song": "https://p.scdn.co/mp3-preview/18dc3642cc0585b5adf12984cf614018763fce77",
"jawaban": "Moth To A Flame",
"artist": "Swedish House Mafia, The Weeknd"
},
{
"link_song": "https://p.scdn.co/mp3-preview/c249782b9c5799693242c2c687155f2b1c9fb800",
"jawaban": "Super Gremlin",
"artist": "Kodak Black"
},
{
"link_song": "https://p.scdn.co/mp3-preview/92afa92d49b2032b9ac7834475c30e788a292bab",
"jawaban": "One Right Now",
"artist": "Post Malone"
},
{
"link_song": "https://p.scdn.co/mp3-preview/18db07e599b8d27d49e6cad55695c3ce786c971c",
"jawaban": "Malvadao 3",
"artist": "Xama"
},
{
"link_song": "https://p.scdn.co/mp3-preview/edd9bea2e66b14169f8bbfa45a78b6599b14160a",
"jawaban": "DAKITI",
"artist": "Bad Bunny, Jhay Cortez"
},
{
"link_song": "https://p.scdn.co/mp3-preview/9028bc92703653366d804a0a713999b69232a19e",
"jawaban": "Every Summertime",
"artist": "NIKKI"
},
{
"link_song": "https://p.scdn.co/mp3-preview/429efffe546a98f5c42ea3bf09bfb61727529677",
"jawaban": "Merasa Indah",
"artist": "Tiara Andini"
},
{
"link_song": "https://p.scdn.co/mp3-preview/fd0fca9d5323c5637d8b92e3a90ddd44e9f93b7e",
"jawaban": "Runtuh",
"artist": "Feby Putri, Fiersa Bersari"
},
{
"link_song": "https://p.scdn.co/mp3-preview/fe8ebc82d22d71bdc92736c30065c5e56c23dc2f",
"jawaban": "Bagaimana Kalau Aku Tidak Baik Baik Saja",
"artist": "Judika"
},
{
"link_song": "https://p.scdn.co/mp3-preview/9267aade456bc6d599baaae630f9ecefc6d3a2a6",
"jawaban": "Sisa Rasa",
"artist": "Mahalini"
},
{
"link_song": "https://p.scdn.co/mp3-preview/419fc8277ed14bb9f6d0b8e80cfce02f886cc47b",
"jawaban": "It's Only Me",
"artist": "Kaleb J"
},
{
"link_song": "https://p.scdn.co/mp3-preview/cc0d30125c0353ba80a7b50bc50234463bd318c2",
"jawaban": "Favorite Girl",
"artist": "Justin Bieber"
},
{
"link_song": "https://p.scdn.co/mp3-preview/a2def1608df8460d1f8ac87a3d9b07b8479eeb56",
"jawaban": "Blue Jeans",
"artist": "GANGGA"
},
{
"link_song": "https://p.scdn.co/mp3-preview/0b1661e20d43c83444a93f6ae23a7b56684b9815",
"jawaban": "Pesan Terakhir",
"artist": "Lyodra"
},
{
"link_song": "https://p.scdn.co/mp3-preview/f631194408680475ab3ec8a91c461cc40d3990a0",
"jawaban": "To the Bone",
"artist": "Pamungkas"
},
{
"link_song": "https://p.scdn.co/mp3-preview/2e7e92f103fe175a488c0dc670ee583fe9eeef64",
"jawaban": "Melawan Restu",
"artist": "Mahalini"
},
{
"link_song": "https://p.scdn.co/mp3-preview/de039809a674d90a5ebe377c054556ecbcf8b9b1",
"jawaban": "Dandelions",
"artist": "Ruth B."
},
{
"link_song": "https://p.scdn.co/mp3-preview/0bac4fb940d169abb673d11c277a63b2e7fbff5c",
"jawaban": "Takut",
"artist": "Idgitaf."
},
{
"link_song": "https://p.scdn.co/mp3-preview/df0d46b0e4174bec0cb1827dcc901ccc9a000dc3",
"jawaban": "Secret Love Song",
"artist": "Little Mix, Jason Derulo"
},
{
"link_song": "https://p.scdn.co/mp3-preview/569bf345055a8b510a2864ad16574d16a5d744c1",
"jawaban": "Here's Your Perfect",
"artist": "Jamie Miller"
},
{
"link_song": "https://p.scdn.co/mp3-preview/bf6e8b665ec0eda4f8b22d8f5b1a221da1a3cee3",
"jawaban": "Duka",
"artist": "Last Child"
},
{
"link_song": "https://p.scdn.co/mp3-preview/28a03a1113a2038f3dd1697fa8dc0e76e5f9dc73",
"jawaban": "Pelangi",
"artist": "Hivi!"
},
{
"link_song": "https://p.scdn.co/mp3-preview/7b7535ad0f29e8051fde476adf7ebbb6f7a42b4a",
"jawaban": "happier",
"artist": "Olivia Rodrigo"
},
{
"link_song": "https://p.scdn.co/mp3-preview/c3879719d55eb4c2993977ebff3fa2a86f50835b",
"jawaban": "Polaroid Love",
"artist": "ENHYPEN"
},
{
"link_song": "https://p.scdn.co/mp3-preview/59cce5ab1f1b1714e91e332d9f0ec99e8b5085da",
"jawaban": "if u could see me cryin' in my room",
"artist": "Arash Buana, raissa anggiani"
},
{
"link_song": "https://p.scdn.co/mp3-preview/2b4a06d3ac5bd1be8a15e83c33f9b2f3674c4322",
"jawaban": "Sahabat Dulu",
"artist": "Prinsa Mandagie"
},
{
"link_song": "https://p.scdn.co/mp3-preview/ae518eec7008602c0f7f5bccfb187fa902429c9f",
"jawaban": "Aku Bukan Jodohnya",
"artist": "Tri Suaka"
},
{
"link_song": "https://p.scdn.co/mp3-preview/883b0873177d43b71c310eed4768d0baee32ec98",
"jawaban": "Roman Picisan",
"artist": "Hanin Dhiya"
},
{
"link_song": "https://p.scdn.co/mp3-preview/993d3a35b7066c15a57dd2a000a9df95ab4e1fbc",
"jawaban": "Reckless",
"artist": "Madison Beer"
},
{
"link_song": "https://p.scdn.co/mp3-preview/94fe1858a87063f9cb4e4e8546756c1f506138f8",
"jawaban": "ELEVEN",
"artist": "IVE"
},
{
"link_song": "https://p.scdn.co/mp3-preview/2d301046dd838f528dd4b8947f51dbda4b01dad3",
"jawaban": "Lantas",
"artist": "Juicy Luicy"
},
{
"link_song": "https://p.scdn.co/mp3-preview/64704943bba8a66da9e4638aa9ca2eaa2a624040",
"jawaban": "Mesin Waktu",
"artist": "Budi Doremi"
},
{
"link_song": "https://p.scdn.co/mp3-preview/ca35bcd1a2a6db73f4b22569d73779f803ccd841",
"jawaban": "It's You",
"artist": "Sezairi"
},
{
"link_song": "https://p.scdn.co/mp3-preview/33b7c8479a65c6161473c77e4519fdb05c12149f",
"jawaban": "Yang Terdalam",
"artist": "Noah"
},
{
"link_song": "https://p.scdn.co/mp3-preview/988f5f4d75312c76a5bf86c7c3a047ab83800048",
"jawaban": "Chrismast Tree",
"artist": "V"
},
{
"link_song": "https://p.scdn.co/mp3-preview/1bb5566bd5f9de3b9ff00b583948768aa6d77fb9",
"jawaban": "Unconditionally",
"artist": "Katy Perry"
},
{
"link_song": "https://p.scdn.co/mp3-preview/f33b9063e8da2ccbc4f842fdd4319ecdadfe5868",
"jawaban": "Line Without a Hook",
"artist": "Ricky Montgomery"
},
{
"link_song": "https://p.scdn.co/mp3-preview/3e56a14d06d1b7751b845c9512eade487b392d90",
"jawaban": "double take",
"artist": "dhruv"
},
{
"link_song": "https://p.scdn.co/mp3-preview/ff8b7f628f9007cab08e767ca6646d5d90a614ca",
"jawaban": "Happier Than Ever",
"artist": "Billie Eilish"
},
{
"link_song": "https://p.scdn.co/mp3-preview/d5a55ea557c5a06e1bf10abf93d4ec2a16b9f385",
"jawaban": "Cheating on You",
"artist": "Charlie Puth"
},
{
"link_song": "https://p.scdn.co/mp3-preview/9f9b4e55aeb6bc591884a3671371cf2c7cc4b54a",
"jawaban": "Bahaya",
"artist": "Arsy Widianto, Tiara Andini"
},
{
"link_song": "https://p.scdn.co/mp3-preview/e3949567bac767ec4f60d50565aeff039e2c8fdb",
"jawaban": "Terlukis Indah",
"artist": "Rizky Febian, Ziva Magnolya"
},
{
"link_song": "https://p.scdn.co/mp3-preview/4a54d9f484d0f8d4aa4c27fd193bda54817cb836",
"jawaban": "ONLY",
"artist": "LeeHi"
},
{
"link_song": "https://p.scdn.co/mp3-preview/f2f6aaefc4073d86f5e32ada86bff9ca7cca02bb",
"jawaban": "Mendong Tanpo Udan",
"artist": "Ndarboy Genk"
},
{
"link_song": "https://p.scdn.co/mp3-preview/c031db80203e17ce7603f50b542626e02c6ef638",
"jawaban": "Sparkle",
"artist": "RADWIMPS"
},
{
"link_song": "https://p.scdn.co/mp3-preview/132c6d47dd920ca0ef8c8e35f6e94100ff47ae43",
"jawaban": "Nandemonaiya",
"artist": "RADWIMPS"
},
{
"link_song": "https://p.scdn.co/mp3-preview/7a1149456af8a7621f7a841519265c5d5a94aa96",
"jawaban": "Nandemonaiya",
"artist": "RADWIMPS"
},
{
"link_song": "https://p.scdn.co/mp3-preview/147ac547ea07111f5cbf8bb7fc93eb27a7aa5a37",
"jawaban": "Dream lantern",
"artist": "RADWIMPS"
},
{
"link_song": "https://p.scdn.co/mp3-preview/c1549936a551a0a66055d8103b94bb9d8106444d",
"jawaban": "Orange",
"artist": "Kaori Miyazono"
},
{
"link_song": "https://p.scdn.co/mp3-preview/8b3b660f747cd56bcfd1d889563c1d7989b9858c",
"jawaban": "Kokoronashi",
"artist": "majiko"
}
]
